match_index,date,team,opponent,side,goals_for,goals_against,result,expected_result,tournament,neutral,k_factor,goal_diff_multiplier,elo_before,elo_delta,elo_after
1,2025-06-09,Algeria,Rwanda,home,2,0,1.0,0.888184,Friendly,0,20.0,1.5,1760.0,3,1763.0
2,2025-06-09,Scotland,Liechtenstein,away,4,0,1.0,0.740328,Friendly,0,20.0,1.875,1782.0,10,1792.0
3,2025-06-09,Morocco,Benin,home,1,0,1.0,0.919882,Friendly,0,20.0,1.0,1824.0,2,1826.0
4,2025-06-09,Norway,Estonia,away,1,0,1.0,0.861141,FIFA World Cup qualification,0,40.0,1.0,1917.0,6,1923.0
5,2025-06-09,Belgium,Wales,home,4,3,1.0,0.944692,FIFA World Cup qualification,0,40.0,1.0,1893.0,2,1895.0
6,2025-06-09,Croatia,Czech Republic,home,5,1,1.0,0.823862,FIFA World Cup qualification,0,40.0,1.875,1908.0,13,1921.0
6,2025-06-09,Czech Republic,Croatia,away,1,5,0.0,0.176138,FIFA World Cup qualification,0,40.0,1.875,1740.0,-13,1727.0
7,2025-06-10,England,Senegal,home,1,3,0.0,0.81186,Friendly,0,20.0,1.5,2021.0,-24,1997.0
7,2025-06-10,Senegal,England,away,3,1,1.0,0.18814,Friendly,0,20.0,1.5,1867.0,24,1891.0
8,2025-06-10,Mexico,Turkey,home,1,0,1.0,0.448376,Friendly,1,20.0,1.0,1875.0,11,1886.0
8,2025-06-10,Turkey,Mexico,away,0,1,0.0,0.551624,Friendly,1,20.0,1.0,1911.0,-11,1900.0
9,2025-06-10,Bosnia and Herzegovina,Slovenia,away,1,2,0.0,0.492805,Friendly,0,20.0,1.0,1595.0,-10,1585.0
10,2025-06-10,South Africa,Mozambique,home,2,0,1.0,0.676302,Friendly,0,20.0,1.5,1528.0,10,1538.0
11,2025-06-10,Sweden,Algeria,home,4,3,1.0,0.570053,Friendly,0,20.0,1.0,1712.0,9,1721.0
11,2025-06-10,Algeria,Sweden,away,3,4,0.0,0.429947,Friendly,0,20.0,1.0,1763.0,-9,1754.0
12,2025-06-10,United States,Switzerland,home,0,4,0.0,0.407534,Friendly,0,20.0,1.875,1726.0,-15,1711.0
12,2025-06-10,Switzerland,United States,away,4,0,1.0,0.592466,Friendly,0,20.0,1.875,1891.0,15,1906.0
13,2025-06-10,Uruguay,Venezuela,home,2,0,1.0,0.94439,FIFA World Cup qualification,0,40.0,1.5,1892.0,3,1895.0
14,2025-06-10,Ecuador,Peru,away,0,0,0.5,0.873074,FIFA World Cup qualification,0,40.0,1.0,1935.0,-15,1920.0
15,2025-06-10,Argentina,Colombia,home,1,1,0.5,0.796455,FIFA World Cup qualification,0,40.0,1.0,2114.0,-12,2102.0
15,2025-06-10,Colombia,Argentina,away,1,1,0.5,0.203545,FIFA World Cup qualification,0,40.0,1.0,1977.0,12,1989.0
16,2025-06-10,Brazil,Paraguay,home,1,0,1.0,0.815352,FIFA World Cup qualification,0,40.0,1.0,1991.0,7,1998.0
16,2025-06-10,Paraguay,Brazil,away,0,1,0.0,0.184648,FIFA World Cup qualification,0,40.0,1.0,1833.0,-7,1826.0
17,2025-06-10,Uzbekistan,Qatar,home,3,0,1.0,0.907654,FIFA World Cup qualification,0,40.0,1.75,1718.0,6,1724.0
17,2025-06-10,Qatar,Uzbekistan,away,0,3,0.0,0.092346,FIFA World Cup qualification,0,40.0,1.75,1421.0,-6,1415.0
18,2025-06-10,Iran,North Korea,home,3,0,1.0,0.894863,FIFA World Cup qualification,0,40.0,1.75,1772.0,7,1779.0
19,2025-06-10,South Korea,Kuwait,home,4,0,1.0,0.887036,FIFA World Cup qualification,0,40.0,1.875,1758.0,8,1766.0
20,2025-06-10,Jordan,Iraq,home,0,1,0.0,0.723388,FIFA World Cup qualification,0,40.0,1.0,1685.0,-29,1656.0
20,2025-06-10,Iraq,Jordan,away,1,0,1.0,0.276612,FIFA World Cup qualification,0,40.0,1.0,1618.0,29,1647.0
21,2025-06-10,Japan,Indonesia,home,6,0,1.0,0.948474,FIFA World Cup qualification,0,40.0,2.125,1906.0,4,1910.0
22,2025-06-10,Saudi Arabia,Australia,home,1,2,0.0,0.349395,FIFA World Cup qualification,0,40.0,1.0,1569.0,-14,1555.0
22,2025-06-10,Australia,Saudi Arabia,away,2,1,1.0,0.650605,FIFA World Cup qualification,0,40.0,1.0,1777.0,14,1791.0
23,2025-06-10,Netherlands,Malta,home,8,0,1.0,0.958174,FIFA World Cup qualification,0,40.0,2.375,1944.0,4,1948.0
24,2025-06-10,Austria,San Marino,away,4,0,1.0,0.789844,FIFA World Cup qualification,0,40.0,1.875,1830.0,16,1846.0
25,2025-06-10,New Zealand,Ukraine,home,1,2,0.0,0.58829,Canadian Shield,1,30.0,1.0,1562.0,-18,1544.0
26,2025-06-10,Canada,Ivory Coast,home,0,0,0.5,0.752315,Canadian Shield,0,30.0,1.0,1788.0,-8,1780.0
26,2025-06-10,Ivory Coast,Canada,away,0,0,0.5,0.247685,Canadian Shield,0,30.0,1.0,1695.0,8,1703.0
27,2025-06-10,Haiti,Curaçao,home,1,5,0.0,0.658415,FIFA World Cup qualification,1,40.0,1.875,1548.0,-49,1499.0
27,2025-06-10,Curaçao,Haiti,away,5,1,1.0,0.341585,FIFA World Cup qualification,1,40.0,1.875,1434.0,49,1483.0
28,2025-06-10,Panama,Nicaragua,home,3,0,1.0,0.86985,FIFA World Cup qualification,0,40.0,1.75,1730.0,9,1739.0
29,2025-06-14,Mexico,Dominican Republic,home,3,2,1.0,0.902207,Gold Cup,1,30.0,1.0,1886.0,3,1889.0
30,2025-06-15,United States,Trinidad and Tobago,home,5,0,1.0,0.856959,Gold Cup,0,30.0,2.0,1711.0,9,1720.0
31,2025-06-15,Haiti,Saudi Arabia,home,0,1,0.0,0.4201,Gold Cup,1,30.0,1.0,1499.0,-13,1486.0
31,2025-06-15,Saudi Arabia,Haiti,away,1,0,1.0,0.5799,Gold Cup,1,30.0,1.0,1555.0,13,1568.0
32,2025-06-16,Panama,Guadeloupe,home,5,2,1.0,0.798315,Gold Cup,1,30.0,1.75,1739.0,11,1750.0
33,2025-06-17,Curaçao,El Salvador,home,0,0,0.5,0.475555,Gold Cup,1,30.0,1.0,1483.0,1,1484.0
34,2025-06-17,Canada,Honduras,home,6,0,1.0,0.899117,Gold Cup,0,30.0,2.125,1780.0,6,1786.0
35,2025-06-18,Mexico,Suriname,away,2,0,1.0,0.90372,Gold Cup,1,30.0,1.5,1889.0,4,1893.0
36,2025-06-19,Haiti,Trinidad and Tobago,away,1,1,0.5,0.492805,Gold Cup,1,30.0,1.0,1486.0,0,1486.0
37,2025-06-19,United States,Saudi Arabia,home,1,0,1.0,0.810095,Gold Cup,0,30.0,1.0,1720.0,6,1726.0
37,2025-06-19,Saudi Arabia,United States,away,0,1,0.0,0.189905,Gold Cup,0,30.0,1.0,1568.0,-6,1562.0
38,2025-06-20,Panama,Guatemala,away,1,0,1.0,0.808318,Gold Cup,1,30.0,1.0,1750.0,6,1756.0
39,2025-06-21,Curaçao,Canada,home,1,1,0.5,0.14951,Gold Cup,1,30.0,1.0,1484.0,11,1495.0
39,2025-06-21,Canada,Curaçao,away,1,1,0.5,0.85049,Gold Cup,1,30.0,1.0,1786.0,-11,1775.0
40,2025-06-22,Mexico,Costa Rica,home,0,0,0.5,0.905705,Gold Cup,1,30.0,1.0,1893.0,-12,1881.0
41,2025-06-22,Saudi Arabia,Trinidad and Tobago,home,1,1,0.5,0.600778,Gold Cup,1,30.0,1.0,1562.0,-3,1559.0
42,2025-06-22,United States,Haiti,home,2,1,1.0,0.876229,Gold Cup,0,30.0,1.0,1726.0,4,1730.0
42,2025-06-22,Haiti,United States,away,1,2,0.0,0.123771,Gold Cup,0,30.0,1.0,1486.0,-4,1482.0
43,2025-06-24,Curaçao,Honduras,away,1,2,0.0,0.501439,Gold Cup,1,30.0,1.0,1495.0,-15,1480.0
44,2025-06-24,Canada,El Salvador,home,2,0,1.0,0.830445,Gold Cup,1,30.0,1.5,1775.0,8,1783.0
45,2025-06-24,Panama,Jamaica,home,4,1,1.0,0.813612,Gold Cup,1,30.0,1.75,1756.0,10,1766.0
46,2025-06-28,Panama,Honduras,home,1,1,0.5,0.814484,Gold Cup,1,30.0,1.0,1766.0,-9,1757.0
47,2025-06-28,Mexico,Saudi Arabia,home,2,0,1.0,0.864547,Gold Cup,1,30.0,1.5,1881.0,6,1887.0
47,2025-06-28,Saudi Arabia,Mexico,away,0,2,0.0,0.135453,Gold Cup,1,30.0,1.5,1559.0,-6,1553.0
48,2025-06-29,Canada,Guatemala,home,1,1,0.5,0.840723,Gold Cup,1,30.0,1.0,1783.0,-10,1773.0
49,2025-06-29,United States,Costa Rica,home,2,2,0.5,0.861828,Gold Cup,0,30.0,1.0,1730.0,-11,1719.0
50,2025-07-02,United States,Guatemala,home,2,1,1.0,0.859759,Gold Cup,0,30.0,1.0,1719.0,4,1723.0
51,2025-07-02,Mexico,Honduras,home,1,0,1.0,0.893227,Gold Cup,1,30.0,1.0,1887.0,3,1890.0
52,2025-07-06,United States,Mexico,home,1,2,0.0,0.404757,Gold Cup,0,30.0,1.0,1723.0,-12,1711.0
52,2025-07-06,Mexico,United States,away,2,1,1.0,0.595243,Gold Cup,0,30.0,1.0,1890.0,12,1902.0
53,2025-08-24,Qatar,Lebanon,home,2,2,0.5,0.521573,Friendly,0,20.0,1.0,1415.0,0,1415.0
54,2025-09-03,Qatar,Bahrain,home,2,2,0.5,0.521573,Friendly,0,20.0,1.0,1415.0,0,1415.0
55,2025-09-04,Norway,Finland,home,1,0,1.0,0.953052,Friendly,0,20.0,1.0,1923.0,1,1924.0
56,2025-09-04,Jordan,Russia,away,0,0,0.5,0.5799,Friendly,0,20.0,1.0,1656.0,-2,1654.0
57,2025-09-04,Saudi Arabia,North Macedonia,home,2,1,1.0,0.575687,Friendly,1,20.0,1.0,1553.0,8,1561.0
58,2025-09-04,Colombia,Bolivia,home,3,0,1.0,0.967408,FIFA World Cup qualification,0,40.0,1.75,1989.0,2,1991.0
59,2025-09-04,Argentina,Venezuela,home,3,0,1.0,0.983015,FIFA World Cup qualification,0,40.0,1.75,2102.0,1,2103.0
60,2025-09-04,Paraguay,Ecuador,home,0,0,0.5,0.508634,FIFA World Cup qualification,0,40.0,1.0,1826.0,0,1826.0
60,2025-09-04,Ecuador,Paraguay,away,0,0,0.5,0.491366,FIFA World Cup qualification,0,40.0,1.0,1920.0,0,1920.0
61,2025-09-04,Uruguay,Peru,home,3,0,1.0,0.940649,FIFA World Cup qualification,0,40.0,1.75,1895.0,4,1899.0
62,2025-09-04,Brazil,Chile,home,3,0,1.0,0.969003,FIFA World Cup qualification,0,40.0,1.75,1998.0,2,2000.0
63,2025-09-04,Cape Verde,Mauritius,away,2,0,1.0,0.468382,FIFA World Cup qualification,0,40.0,1.5,1578.0,32,1610.0
64,2025-09-04,Algeria,Botswana,home,3,1,1.0,0.884708,FIFA World Cup qualification,0,40.0,1.5,1754.0,7,1761.0
65,2025-09-04,Tunisia,Liberia,home,3,0,1.0,0.787927,FIFA World Cup qualification,0,40.0,1.75,1628.0,15,1643.0
66,2025-09-04,Ghana,Chad,away,1,1,0.5,0.373301,FIFA World Cup qualification,0,40.0,1.0,1510.0,5,1515.0
67,2025-09-04,Germany,Slovakia,away,0,2,0.0,0.871148,FIFA World Cup qualification,0,40.0,1.5,1932.0,-52,1880.0
68,2025-09-04,Turkey,Georgia,away,3,2,1.0,0.84902,FIFA World Cup qualification,0,40.0,1.0,1900.0,6,1906.0
69,2025-09-04,Spain,Bulgaria,away,3,0,1.0,0.96064,FIFA World Cup qualification,0,40.0,1.75,2155.0,3,2158.0
70,2025-09-04,Netherlands,Poland,home,1,1,0.5,0.959087,FIFA World Cup qualification,0,40.0,1.0,1948.0,-18,1930.0
71,2025-09-04,Belgium,Liechtenstein,away,6,0,1.0,0.852673,FIFA World Cup qualification,0,40.0,2.125,1895.0,13,1908.0
72,2025-09-04,Iraq,Hong Kong,home,2,1,1.0,0.699769,King's Cup,1,30.0,1.0,1647.0,9,1656.0
73,2025-09-04,Panama,Suriname,away,0,0,0.5,0.716424,FIFA World Cup qualification,0,40.0,1.0,1757.0,-9,1748.0
74,2025-09-05,Australia,New Zealand,home,1,0,1.0,0.880534,Soccer Ashes,0,30.0,1.0,1791.0,4,1795.0
74,2025-09-05,New Zealand,Australia,away,0,1,0.0,0.119466,Soccer Ashes,0,30.0,1.0,1544.0,-4,1540.0
75,2025-09-05,Canada,Romania,away,3,0,1.0,0.730245,Friendly,0,20.0,1.75,1773.0,9,1782.0
76,2025-09-05,Egypt,Ethiopia,home,2,0,1.0,0.846045,FIFA World Cup qualification,0,40.0,1.5,1696.0,9,1705.0
77,2025-09-05,Dem. Rep. of Congo,South Sudan,away,4,1,1.0,0.586895,FIFA World Cup qualification,0,40.0,1.75,1661.0,29,1690.0
78,2025-09-05,Senegal,Sudan,home,2,0,1.0,0.944087,FIFA World Cup qualification,0,40.0,1.5,1891.0,3,1894.0
79,2025-09-05,South Africa,Lesotho,home,3,0,1.0,0.688774,FIFA World Cup qualification,0,40.0,1.75,1538.0,22,1560.0
80,2025-09-05,Morocco,Niger,home,5,0,1.0,0.920726,FIFA World Cup qualification,0,40.0,2.0,1826.0,6,1832.0
81,2025-09-05,Ivory Coast,Burundi,home,1,0,1.0,0.851221,FIFA World Cup qualification,0,40.0,1.0,1703.0,6,1709.0
82,2025-09-05,Sweden,Slovenia,away,2,2,0.5,0.65452,FIFA World Cup qualification,0,40.0,1.0,1721.0,-6,1715.0
83,2025-09-05,Switzerland,Kosovo,home,4,0,1.0,0.948474,FIFA World Cup qualification,0,40.0,1.875,1906.0,4,1910.0
84,2025-09-05,Scotland,Denmark,away,0,0,0.5,0.751241,FIFA World Cup qualification,0,40.0,1.0,1792.0,-10,1782.0
85,2025-09-05,France,Ukraine,away,2,0,1.0,0.958174,FIFA World Cup qualification,1,40.0,1.5,2062.0,3,2065.0
86,2025-09-05,Croatia,Faroe Islands,away,1,0,1.0,0.863871,FIFA World Cup qualification,0,40.0,1.0,1921.0,5,1926.0
87,2025-09-05,Czech Republic,Montenegro,away,2,0,1.0,0.67504,FIFA World Cup qualification,0,40.0,1.5,1727.0,19,1746.0
88,2025-09-05,Curaçao,Trinidad and Tobago,away,0,0,0.5,0.341585,FIFA World Cup qualification,0,40.0,1.0,1480.0,6,1486.0
89,2025-09-05,Haiti,Honduras,home,0,0,0.5,0.452651,FIFA World Cup qualification,1,40.0,1.0,1482.0,2,1484.0
90,2025-09-06,Mexico,Japan,home,0,0,0.5,0.488489,Friendly,1,20.0,1.0,1902.0,0,1902.0
90,2025-09-06,Japan,Mexico,away,0,0,0.5,0.511511,Friendly,1,20.0,1.0,1910.0,0,1910.0
91,2025-09-06,United States,South Korea,home,0,2,0.0,0.5644,Friendly,0,20.0,1.5,1711.0,-17,1694.0
91,2025-09-06,South Korea,United States,away,2,0,1.0,0.4356,Friendly,0,20.0,1.5,1766.0,17,1783.0
92,2025-09-06,Portugal,Armenia,away,5,0,1.0,0.902207,FIFA World Cup qualification,0,40.0,2.0,1986.0,8,1994.0
93,2025-09-06,Austria,Cyprus,home,1,0,1.0,0.928733,FIFA World Cup qualification,0,40.0,1.0,1846.0,3,1849.0
94,2025-09-06,Bosnia and Herzegovina,San Marino,away,6,0,1.0,0.501439,FIFA World Cup qualification,0,40.0,2.125,1585.0,42,1627.0
95,2025-09-06,England,Andorra,home,2,0,1.0,0.968829,FIFA World Cup qualification,0,40.0,1.5,1997.0,2,1999.0
96,2025-09-07,Germany,Northern Ireland,home,3,1,1.0,0.940649,FIFA World Cup qualification,0,40.0,1.5,1880.0,4,1884.0
97,2025-09-07,Turkey,Spain,home,0,6,0.0,0.294219,FIFA World Cup qualification,0,40.0,2.125,1906.0,-25,1881.0
97,2025-09-07,Spain,Turkey,away,6,0,1.0,0.705781,FIFA World Cup qualification,0,40.0,2.125,2158.0,25,2183.0
98,2025-09-07,Netherlands,Lithuania,away,3,2,1.0,0.86985,FIFA World Cup qualification,0,40.0,1.0,1930.0,5,1935.0
99,2025-09-07,Belgium,Kazakhstan,home,6,0,1.0,0.949034,FIFA World Cup qualification,0,40.0,2.125,1908.0,4,1912.0
100,2025-09-07,Qatar,Russia,home,1,4,0.0,0.5187,Friendly,0,20.0,1.75,1415.0,-18,1397.0
101,2025-09-07,Iraq,Thailand,away,1,0,1.0,0.5799,King's Cup,0,30.0,1.0,1656.0,13,1669.0
102,2025-09-08,Czech Republic,Saudi Arabia,home,1,1,0.5,0.837615,Friendly,0,20.0,1.0,1746.0,-7,1739.0
102,2025-09-08,Saudi Arabia,Czech Republic,away,1,1,0.5,0.162385,Friendly,0,20.0,1.0,1561.0,7,1568.0
103,2025-09-08,Morocco,Zambia,away,2,0,1.0,0.791749,FIFA World Cup qualification,0,40.0,1.5,1832.0,12,1844.0
104,2025-09-08,Algeria,Guinea,away,0,0,0.5,0.817938,FIFA World Cup qualification,1,40.0,1.0,1761.0,-13,1748.0
105,2025-09-08,Tunisia,Equatorial Guinea,away,1,0,1.0,0.561568,FIFA World Cup qualification,0,40.0,1.0,1643.0,18,1661.0
106,2025-09-08,Ghana,Mali,home,1,0,1.0,0.659708,FIFA World Cup qualification,0,40.0,1.0,1515.0,14,1529.0
107,2025-09-08,Sweden,Kosovo,away,0,2,0.0,0.664858,FIFA World Cup qualification,0,40.0,1.5,1715.0,-40,1675.0
108,2025-09-08,Switzerland,Slovenia,home,3,0,1.0,0.944992,FIFA World Cup qualification,0,40.0,1.75,1910.0,4,1914.0
109,2025-09-08,Scotland,Belarus,away,2,0,1.0,0.835253,FIFA World Cup qualification,1,40.0,1.5,1782.0,10,1792.0
110,2025-09-08,Croatia,Montenegro,home,4,0,1.0,0.958404,FIFA World Cup qualification,0,40.0,1.875,1926.0,3,1929.0
111,2025-09-08,Panama,Guatemala,home,1,1,0.5,0.881138,FIFA World Cup qualification,0,40.0,1.0,1748.0,-15,1733.0
112,2025-09-09,Jordan,Dominican Republic,home,3,0,1.0,0.814484,Friendly,0,20.0,1.75,1654.0,6,1660.0
113,2025-09-09,Mexico,South Korea,home,2,2,0.5,0.664858,Friendly,1,20.0,1.0,1902.0,-3,1899.0
113,2025-09-09,South Korea,Mexico,away,2,2,0.5,0.335142,Friendly,1,20.0,1.0,1783.0,3,1786.0
114,2025-09-09,New Zealand,Australia,home,1,3,0.0,0.290645,Soccer Ashes,0,30.0,1.5,1540.0,-13,1527.0
114,2025-09-09,Australia,New Zealand,away,3,1,1.0,0.709355,Soccer Ashes,0,30.0,1.5,1795.0,13,1808.0
115,2025-09-09,United States,Japan,home,2,0,1.0,0.339001,Friendly,0,20.0,1.5,1694.0,20,1714.0
115,2025-09-09,Japan,United States,away,0,2,0.0,0.660999,Friendly,0,20.0,1.5,1910.0,-20,1890.0
116,2025-09-09,Canada,Wales,away,1,0,1.0,0.742536,Friendly,0,20.0,1.0,1782.0,5,1787.0
117,2025-09-09,Ecuador,Argentina,home,1,0,1.0,0.382775,FIFA World Cup qualification,0,40.0,1.0,1920.0,25,1945.0
117,2025-09-09,Argentina,Ecuador,away,0,1,0.0,0.617225,FIFA World Cup qualification,0,40.0,1.0,2103.0,-25,2078.0
118,2025-09-09,Paraguay,Peru,away,1,0,1.0,0.775153,FIFA World Cup qualification,0,40.0,1.0,1826.0,9,1835.0
119,2025-09-09,Brazil,Bolivia,away,0,1,0.0,0.910038,FIFA World Cup qualification,0,40.0,1.0,2000.0,-36,1964.0
120,2025-09-09,Colombia,Venezuela,away,6,3,1.0,0.906684,FIFA World Cup qualification,0,40.0,1.75,1991.0,7,1998.0
121,2025-09-09,Uruguay,Chile,away,0,0,0.5,0.849757,FIFA World Cup qualification,0,40.0,1.0,1899.0,-14,1885.0
122,2025-09-09,Egypt,Burkina Faso,away,0,0,0.5,0.646669,FIFA World Cup qualification,0,40.0,1.0,1705.0,-6,1699.0
123,2025-09-09,Dem. Rep. of Congo,Senegal,home,2,3,0.0,0.354648,FIFA World Cup qualification,0,40.0,1.0,1690.0,-14,1676.0
123,2025-09-09,Senegal,Dem. Rep. of Congo,away,3,2,1.0,0.645352,FIFA World Cup qualification,0,40.0,1.0,1894.0,14,1908.0
124,2025-09-09,South Africa,Nigeria,home,1,1,0.5,0.715253,FIFA World Cup qualification,0,40.0,1.0,1560.0,-9,1551.0
125,2025-09-09,Cape Verde,Cameroon,home,1,0,1.0,0.770097,FIFA World Cup qualification,0,40.0,1.0,1610.0,9,1619.0
126,2025-09-09,Ivory Coast,Gabon,away,0,0,0.5,0.651912,FIFA World Cup qualification,0,40.0,1.0,1709.0,-6,1703.0
127,2025-09-09,France,Iceland,home,2,1,1.0,0.978711,FIFA World Cup qualification,0,40.0,1.0,2065.0,1,2066.0
128,2025-09-09,Portugal,Hungary,away,3,2,1.0,0.906196,FIFA World Cup qualification,0,40.0,1.0,1994.0,4,1998.0
129,2025-09-09,Bosnia and Herzegovina,Austria,home,1,2,0.0,0.331305,FIFA World Cup qualification,0,40.0,1.0,1627.0,-13,1614.0
129,2025-09-09,Austria,Bosnia and Herzegovina,away,2,1,1.0,0.668695,FIFA World Cup qualification,0,40.0,1.0,1849.0,13,1862.0
130,2025-09-09,Norway,Moldova,home,11,1,1.0,0.953309,FIFA World Cup qualification,0,40.0,2.625,1924.0,5,1929.0
131,2025-09-09,England,Serbia,away,5,0,1.0,0.908614,FIFA World Cup qualification,0,40.0,2.0,1999.0,7,2006.0
132,2025-09-09,Curaçao,Bermuda,home,3,2,1.0,0.621297,FIFA World Cup qualification,0,40.0,1.0,1486.0,15,1501.0
133,2025-09-09,Haiti,Costa Rica,away,3,3,0.5,0.309994,FIFA World Cup qualification,0,40.0,1.0,1484.0,8,1492.0
134,2025-10-08,Qatar,Oman,home,0,0,0.5,0.495683,FIFA World Cup qualification,0,40.0,1.0,1397.0,0,1397.0
135,2025-10-08,Saudi Arabia,Indonesia,home,3,2,1.0,0.72911,FIFA World Cup qualification,0,40.0,1.0,1568.0,11,1579.0
136,2025-10-08,Egypt,Djibouti,away,3,0,1.0,0.758695,FIFA World Cup qualification,1,40.0,1.75,1699.0,17,1716.0
137,2025-10-08,Cape Verde,Libya,away,3,3,0.5,0.527316,FIFA World Cup qualification,0,40.0,1.0,1619.0,-1,1618.0
138,2025-10-08,Ghana,Central African Republic,away,5,0,1.0,0.541638,FIFA World Cup qualification,1,40.0,2.0,1529.0,37,1566.0
139,2025-10-09,England,Wales,home,3,0,1.0,0.971494,Friendly,0,20.0,1.75,2006.0,1,2007.0
140,2025-10-09,New Zealand,Poland,away,0,1,0.0,0.371955,Friendly,0,20.0,1.0,1527.0,-7,1520.0
141,2025-10-09,Morocco,Bahrain,home,1,0,1.0,0.927967,Friendly,0,20.0,1.0,1844.0,1,1845.0
142,2025-10-09,Algeria,Somalia,home,3,0,1.0,0.881138,FIFA World Cup qualification,0,40.0,1.75,1748.0,8,1756.0
143,2025-10-09,Scotland,Greece,home,3,1,1.0,0.905213,FIFA World Cup qualification,0,40.0,1.5,1792.0,6,1798.0
144,2025-10-09,Netherlands,Malta,away,4,0,1.0,0.875604,FIFA World Cup qualification,0,40.0,1.875,1935.0,9,1944.0
145,2025-10-09,Austria,San Marino,home,10,0,1.0,0.952273,FIFA World Cup qualification,0,40.0,2.625,1862.0,5,1867.0
146,2025-10-09,Bosnia and Herzegovina,Cyprus,away,2,2,0.5,0.524445,FIFA World Cup qualification,0,40.0,1.0,1614.0,-1,1613.0
147,2025-10-09,Czech Republic,Croatia,home,0,0,0.5,0.373301,FIFA World Cup qualification,0,40.0,1.0,1739.0,5,1744.0
147,2025-10-09,Croatia,Czech Republic,away,0,0,0.5,0.626699,FIFA World Cup qualification,0,40.0,1.0,1929.0,-5,1924.0
148,2025-10-09,Haiti,Nicaragua,away,3,0,1.0,0.361262,FIFA World Cup qualification,0,40.0,1.75,1492.0,45,1537.0
149,2025-10-10,Argentina,Venezuela,home,1,0,1.0,0.967408,Friendly,1,20.0,1.0,2078.0,1,2079.0
150,2025-10-10,Canada,Australia,home,0,1,0.0,0.611771,Friendly,0,20.0,1.0,1787.0,-12,1775.0
150,2025-10-10,Australia,Canada,away,1,0,1.0,0.388229,Friendly,0,20.0,1.0,1808.0,12,1820.0
151,2025-10-10,Iran,Russia,away,1,2,0.0,0.714079,Friendly,0,20.0,1.0,1779.0,-14,1765.0
152,2025-10-10,Japan,Paraguay,home,2,2,0.5,0.709355,Kirin Cup,0,30.0,1.0,1890.0,-6,1884.0
152,2025-10-10,Paraguay,Japan,away,2,2,0.5,0.290645,Kirin Cup,0,30.0,1.0,1835.0,6,1841.0
153,2025-10-10,Uzbekistan,Kuwait,home,2,0,1.0,0.871148,Friendly,0,20.0,1.5,1724.0,4,1728.0
154,2025-10-10,Jordan,Bolivia,home,0,1,0.0,0.673776,Friendly,1,20.0,1.0,1660.0,-13,1647.0
155,2025-10-10,South Korea,Brazil,home,0,5,0.0,0.389598,Friendly,0,20.0,2.0,1786.0,-16,1770.0
155,2025-10-10,Brazil,South Korea,away,5,0,1.0,0.610402,Friendly,0,20.0,2.0,1964.0,16,1980.0
156,2025-10-10,Uruguay,Dominican Republic,home,1,0,1.0,0.906196,Friendly,1,20.0,1.0,1885.0,2,1887.0
157,2025-10-10,United States,Ecuador,home,1,1,0.5,0.319929,Friendly,0,20.0,1.0,1714.0,4,1718.0
157,2025-10-10,Ecuador,United States,away,1,1,0.5,0.680071,Friendly,0,20.0,1.0,1945.0,-4,1941.0
158,2025-10-10,Dem. Rep. of Congo,Togo,away,1,0,1.0,0.607661,FIFA World Cup qualification,0,40.0,1.0,1676.0,16,1692.0
159,2025-10-10,Senegal,South Sudan,away,5,0,1.0,0.874344,FIFA World Cup qualification,0,40.0,2.0,1908.0,10,1918.0
160,2025-10-10,South Africa,Zimbabwe,home,0,0,0.5,0.704585,FIFA World Cup qualification,0,40.0,1.0,1551.0,-8,1543.0
161,2025-10-10,Ivory Coast,Seychelles,away,7,0,1.0,0.762885,FIFA World Cup qualification,1,40.0,2.25,1703.0,21,1724.0
162,2025-10-10,Tunisia,São Tomé and Príncipe,home,6,0,1.0,0.817938,FIFA World Cup qualification,0,40.0,2.125,1661.0,15,1676.0
163,2025-10-10,Germany,Luxembourg,home,4,0,1.0,0.941922,FIFA World Cup qualification,0,40.0,1.875,1884.0,4,1888.0
164,2025-10-10,Sweden,Switzerland,home,0,2,0.0,0.309994,FIFA World Cup qualification,0,40.0,1.5,1675.0,-19,1656.0
164,2025-10-10,Switzerland,Sweden,away,2,0,1.0,0.690006,FIFA World Cup qualification,0,40.0,1.5,1914.0,19,1933.0
165,2025-10-10,France,Azerbaijan,home,3,0,1.0,0.978831,FIFA World Cup qualification,0,40.0,1.75,2066.0,1,2067.0
166,2025-10-10,Belgium,North Macedonia,home,0,0,0.5,0.952273,FIFA World Cup qualification,0,40.0,1.0,1912.0,-18,1894.0
167,2025-10-10,Panama,El Salvador,away,1,0,1.0,0.693688,FIFA World Cup qualification,0,40.0,1.0,1733.0,12,1745.0
168,2025-10-10,Curaçao,Jamaica,home,2,0,1.0,0.65452,FIFA World Cup qualification,0,40.0,1.5,1501.0,21,1522.0
169,2025-10-11,Mexico,Colombia,home,0,4,0.0,0.361262,Friendly,1,20.0,1.875,1899.0,-14,1885.0
169,2025-10-11,Colombia,Mexico,away,4,0,1.0,0.638738,Friendly,1,20.0,1.875,1998.0,14,2012.0
170,2025-10-11,Iraq,Indonesia,home,1,0,1.0,0.742536,FIFA World Cup qualification,1,40.0,1.0,1669.0,10,1679.0
171,2025-10-11,Spain,Georgia,home,2,0,1.0,0.989459,FIFA World Cup qualification,0,40.0,1.5,2183.0,1,2184.0
172,2025-10-11,Turkey,Bulgaria,away,6,1,1.0,0.836831,FIFA World Cup qualification,0,40.0,2.0,1881.0,13,1894.0
173,2025-10-11,Portugal,Republic of Ireland,home,1,0,1.0,0.969003,FIFA World Cup qualification,0,40.0,1.0,1998.0,1,1999.0
174,2025-10-11,Norway,Israel,home,5,0,1.0,0.954573,FIFA World Cup qualification,0,40.0,2.0,1929.0,4,1933.0
175,2025-10-12,Bosnia and Herzegovina,Malta,away,4,1,1.0,0.537347,Friendly,0,20.0,1.75,1613.0,16,1629.0
176,2025-10-12,Egypt,Guinea-Bissau,home,1,0,1.0,0.860451,FIFA World Cup qualification,0,40.0,1.0,1716.0,6,1722.0
177,2025-10-12,Ghana,Comoros,home,1,0,1.0,0.722235,FIFA World Cup qualification,0,40.0,1.0,1566.0,11,1577.0
178,2025-10-12,Scotland,Belarus,home,2,1,1.0,0.912826,FIFA World Cup qualification,0,40.0,1.0,1798.0,3,1801.0
179,2025-10-12,Netherlands,Finland,home,4,0,1.0,0.958404,FIFA World Cup qualification,0,40.0,1.875,1944.0,3,1947.0
180,2025-10-12,Austria,Romania,away,0,1,0.0,0.830445,FIFA World Cup qualification,0,40.0,1.0,1867.0,-33,1834.0
181,2025-10-12,Czech Republic,Faroe Islands,away,1,2,0.0,0.702183,FIFA World Cup qualification,0,40.0,1.0,1744.0,-28,1716.0
182,2025-10-12,Croatia,Gibraltar,home,3,0,1.0,0.953309,FIFA World Cup qualification,0,40.0,1.75,1924.0,3,1927.0
183,2025-10-13,Uzbekistan,Uruguay,home,1,2,0.0,0.285921,Friendly,1,20.0,1.0,1728.0,-6,1722.0
183,2025-10-13,Uruguay,Uzbekistan,away,2,1,1.0,0.714079,Friendly,1,20.0,1.0,1887.0,6,1893.0
184,2025-10-13,Cape Verde,Eswatini,home,3,0,1.0,0.778148,FIFA World Cup qualification,0,40.0,1.75,1618.0,16,1634.0
185,2025-10-13,Tunisia,Namibia,home,3,0,1.0,0.830445,FIFA World Cup qualification,0,40.0,1.75,1676.0,12,1688.0
186,2025-10-13,Germany,Northern Ireland,away,1,0,1.0,0.843022,FIFA World Cup qualification,0,40.0,1.0,1888.0,6,1894.0
187,2025-10-13,Switzerland,Slovenia,away,0,0,0.5,0.863871,FIFA World Cup qualification,0,40.0,1.0,1933.0,-15,1918.0
188,2025-10-13,Sweden,Kosovo,home,0,1,0.0,0.78013,FIFA World Cup qualification,0,40.0,1.0,1656.0,-31,1625.0
189,2025-10-13,France,Iceland,away,2,2,0.5,0.936673,FIFA World Cup qualification,0,40.0,1.0,2067.0,-17,2050.0
190,2025-10-13,Belgium,Wales,away,4,2,1.0,0.85049,FIFA World Cup qualification,0,40.0,1.5,1894.0,9,1903.0
191,2025-10-13,Haiti,Honduras,away,0,3,0.0,0.392339,FIFA World Cup qualification,0,40.0,1.75,1537.0,-27,1510.0
192,2025-10-14,Jordan,Albania,away,2,4,0.0,0.567229,Friendly,0,20.0,1.5,1647.0,-17,1630.0
193,2025-10-14,Japan,Brazil,home,3,2,1.0,0.505756,Kirin Cup,0,30.0,1.0,1884.0,15,1899.0
193,2025-10-14,Brazil,Japan,away,2,3,0.0,0.494244,Kirin Cup,0,30.0,1.0,1980.0,-15,1965.0
194,2025-10-14,Iran,Tanzania,home,2,0,1.0,0.821341,Friendly,1,20.0,1.5,1765.0,5,1770.0
195,2025-10-14,Canada,Colombia,home,0,0,0.5,0.203545,Friendly,1,20.0,1.0,1775.0,6,1781.0
195,2025-10-14,Colombia,Canada,away,0,0,0.5,0.796455,Friendly,1,20.0,1.0,2012.0,-6,2006.0
196,2025-10-14,South Korea,Paraguay,home,2,0,1.0,0.541638,Friendly,0,20.0,1.5,1770.0,14,1784.0
196,2025-10-14,Paraguay,South Korea,away,0,2,0.0,0.458362,Friendly,0,20.0,1.5,1841.0,-14,1827.0
197,2025-10-14,Mexico,Ecuador,home,1,1,0.5,0.562985,Friendly,0,20.0,1.0,1885.0,-1,1884.0
197,2025-10-14,Ecuador,Mexico,away,1,1,0.5,0.437015,Friendly,0,20.0,1.0,1941.0,1,1942.0
198,2025-10-14,Norway,New Zealand,home,1,1,0.5,0.950408,Friendly,0,20.0,1.0,1933.0,-9,1924.0
198,2025-10-14,New Zealand,Norway,away,1,1,0.5,0.049592,Friendly,0,20.0,1.0,1520.0,9,1529.0
199,2025-10-14,Argentina,Puerto Rico,away,6,0,1.0,0.965543,Friendly,1,20.0,2.125,2079.0,1,2080.0
200,2025-10-14,United States,Australia,home,2,1,1.0,0.497122,Friendly,0,20.0,1.0,1718.0,10,1728.0
200,2025-10-14,Australia,United States,away,1,2,0.0,0.502878,Friendly,0,20.0,1.0,1820.0,-10,1810.0
201,2025-10-14,Qatar,United Arab Emirates,home,2,1,1.0,0.495683,FIFA World Cup qualification,0,40.0,1.0,1397.0,20,1417.0
202,2025-10-14,Saudi Arabia,Iraq,home,0,0,0.5,0.5,FIFA World Cup qualification,0,40.0,1.0,1579.0,0,1579.0
202,2025-10-14,Iraq,Saudi Arabia,away,0,0,0.5,0.5,FIFA World Cup qualification,0,40.0,1.0,1679.0,0,1679.0
203,2025-10-14,Senegal,Mauritania,home,4,0,1.0,0.951747,FIFA World Cup qualification,0,40.0,1.875,1918.0,4,1922.0
204,2025-10-14,Dem. Rep. of Congo,Sudan,home,1,0,1.0,0.845294,FIFA World Cup qualification,0,40.0,1.0,1692.0,6,1698.0
205,2025-10-14,South Africa,Rwanda,home,3,0,1.0,0.698559,FIFA World Cup qualification,0,40.0,1.75,1543.0,21,1564.0
206,2025-10-14,Morocco,Congo,home,1,0,1.0,0.928351,FIFA World Cup qualification,0,40.0,1.0,1845.0,3,1848.0
207,2025-10-14,Ivory Coast,Kenya,home,3,0,1.0,0.86589,FIFA World Cup qualification,0,40.0,1.75,1724.0,9,1733.0
208,2025-10-14,Algeria,Uganda,home,2,1,1.0,0.885877,FIFA World Cup qualification,0,40.0,1.0,1756.0,5,1761.0
209,2025-10-14,Spain,Bulgaria,home,4,0,1.0,0.990099,FIFA World Cup qualification,0,40.0,1.875,2184.0,1,2185.0
210,2025-10-14,Turkey,Georgia,home,4,1,1.0,0.947049,FIFA World Cup qualification,0,40.0,1.75,1894.0,4,1898.0
211,2025-10-14,Portugal,Hungary,home,2,2,0.5,0.969856,FIFA World Cup qualification,0,40.0,1.0,1999.0,-19,1980.0
212,2025-10-14,England,Latvia,away,5,0,1.0,0.912367,FIFA World Cup qualification,0,40.0,2.0,2007.0,7,2014.0
213,2025-10-14,Panama,Suriname,home,1,1,0.5,0.876229,FIFA World Cup qualification,0,40.0,1.0,1745.0,-15,1730.0
214,2025-10-14,Curaçao,Trinidad and Tobago,home,1,1,0.5,0.683816,FIFA World Cup qualification,0,40.0,1.0,1522.0,-7,1515.0
215,2025-11-12,Tunisia,Mauritania,home,1,1,0.5,0.843022,Friendly,0,20.0,1.0,1688.0,-7,1681.0
216,2025-11-13,Algeria,Zimbabwe,home,3,1,1.0,0.810979,Friendly,1,20.0,1.5,1761.0,6,1767.0
217,2025-11-13,Canada,Ecuador,home,0,0,0.5,0.413105,Friendly,0,20.0,1.0,1781.0,2,1783.0
217,2025-11-13,Ecuador,Canada,away,0,0,0.5,0.586895,Friendly,0,20.0,1.0,1942.0,-2,1940.0
218,2025-11-13,Czech Republic,San Marino,home,1,0,1.0,0.898594,Friendly,0,20.0,1.0,1716.0,2,1718.0
219,2025-11-13,Iraq,United Arab Emirates,away,1,1,0.5,0.638738,FIFA World Cup qualification,0,40.0,1.0,1679.0,-6,1673.0
220,2025-11-13,Dem. Rep. of Congo,Cameroon,away,1,0,1.0,0.767025,FIFA World Cup qualification,1,40.0,1.0,1698.0,9,1707.0
221,2025-11-13,France,Ukraine,home,4,0,1.0,0.974799,FIFA World Cup qualification,0,40.0,1.875,2050.0,2,2052.0
222,2025-11-13,Portugal,Republic of Ireland,away,0,2,0.0,0.899638,FIFA World Cup qualification,0,40.0,1.5,1980.0,-54,1926.0
223,2025-11-13,Norway,Estonia,home,4,1,1.0,0.954822,FIFA World Cup qualification,0,40.0,1.75,1924.0,3,1927.0
224,2025-11-13,England,Serbia,home,2,0,1.0,0.972742,FIFA World Cup qualification,0,40.0,1.5,2014.0,2,2016.0
225,2025-11-13,Iran,Cape Verde,home,0,0,0.5,0.6863,Al Ain International Cup,1,30.0,1.0,1770.0,-6,1764.0
225,2025-11-13,Cape Verde,Iran,away,0,0,0.5,0.3137,Al Ain International Cup,1,30.0,1.0,1634.0,6,1640.0
226,2025-11-13,Panama,Guatemala,away,3,2,1.0,0.659708,FIFA World Cup qualification,0,40.0,1.0,1730.0,14,1744.0
227,2025-11-13,Curaçao,Bermuda,away,7,0,1.0,0.400603,FIFA World Cup qualification,0,40.0,2.25,1515.0,54,1569.0
228,2025-11-13,Haiti,Costa Rica,home,1,0,1.0,0.492805,FIFA World Cup qualification,1,40.0,1.0,1510.0,20,1530.0
229,2025-11-14,Argentina,Angola,away,2,0,1.0,0.940649,Friendly,0,20.0,1.5,2080.0,2,2082.0
230,2025-11-14,Australia,Venezuela,home,0,1,0.0,0.864547,Friendly,1,20.0,1.0,1810.0,-17,1793.0
231,2025-11-14,South Korea,Bolivia,home,2,0,1.0,0.874344,Friendly,0,20.0,1.5,1784.0,4,1788.0
232,2025-11-14,Morocco,Mozambique,home,1,0,1.0,0.933172,Friendly,0,20.0,1.0,1848.0,1,1849.0
233,2025-11-14,Japan,Ghana,home,2,0,1.0,0.919029,Kirin Cup,0,30.0,1.5,1899.0,4,1903.0
233,2025-11-14,Ghana,Japan,away,0,2,0.0,0.080971,Kirin Cup,0,30.0,1.5,1577.0,-4,1573.0
234,2025-11-14,Saudi Arabia,Ivory Coast,home,1,0,1.0,0.422908,Friendly,0,20.0,1.0,1579.0,12,1591.0
234,2025-11-14,Ivory Coast,Saudi Arabia,away,0,1,0.0,0.577092,Friendly,0,20.0,1.0,1733.0,-12,1721.0
235,2025-11-14,Tunisia,Jordan,home,3,2,1.0,0.704585,Friendly,0,20.0,1.0,1681.0,6,1687.0
235,2025-11-14,Jordan,Tunisia,away,2,3,0.0,0.295415,Friendly,0,20.0,1.0,1630.0,-6,1624.0
236,2025-11-14,Germany,Luxembourg,away,2,0,1.0,0.847539,FIFA World Cup qualification,0,40.0,1.5,1894.0,9,1903.0
237,2025-11-14,Netherlands,Poland,away,1,1,0.5,0.864547,FIFA World Cup qualification,0,40.0,1.0,1947.0,-15,1932.0
238,2025-11-14,Croatia,Faroe Islands,home,3,1,1.0,0.947909,FIFA World Cup qualification,0,40.0,1.5,1927.0,3,1930.0
239,2025-11-14,Uzbekistan,Egypt,home,2,0,1.0,0.5,Al Ain International Cup,1,30.0,1.5,1722.0,23,1745.0
239,2025-11-14,Egypt,Uzbekistan,away,0,2,0.0,0.5,Al Ain International Cup,1,30.0,1.5,1722.0,-23,1699.0
240,2025-11-15,Brazil,Senegal,home,2,0,1.0,0.561568,Friendly,1,20.0,1.5,1965.0,13,1978.0
240,2025-11-15,Senegal,Brazil,away,0,2,0.0,0.438432,Friendly,1,20.0,1.5,1922.0,-13,1909.0
241,2025-11-15,Colombia,New Zealand,home,2,1,1.0,0.939678,Friendly,1,20.0,1.0,2006.0,1,2007.0
241,2025-11-15,New Zealand,Colombia,away,1,2,0.0,0.060322,Friendly,1,20.0,1.0,1529.0,-1,1528.0
242,2025-11-15,Mexico,Uruguay,home,0,0,0.5,0.628045,Friendly,0,20.0,1.0,1884.0,-3,1881.0
242,2025-11-15,Uruguay,Mexico,away,0,0,0.5,0.371955,Friendly,0,20.0,1.0,1893.0,3,1896.0
243,2025-11-15,South Africa,Zambia,home,3,1,1.0,0.733634,Friendly,0,20.0,1.5,1564.0,8,1572.0
244,2025-11-15,United States,Paraguay,home,2,1,1.0,0.501439,Friendly,0,20.0,1.0,1728.0,10,1738.0
244,2025-11-15,Paraguay,United States,away,1,2,0.0,0.498561,Friendly,0,20.0,1.0,1827.0,-10,1817.0
245,2025-11-15,Switzerland,Sweden,home,4,1,1.0,0.905705,FIFA World Cup qualification,0,40.0,1.75,1918.0,7,1925.0
245,2025-11-15,Sweden,Switzerland,away,1,4,0.0,0.094295,FIFA World Cup qualification,0,40.0,1.75,1625.0,-7,1618.0
246,2025-11-15,Scotland,Greece,away,2,3,0.0,0.767025,FIFA World Cup qualification,0,40.0,1.0,1801.0,-31,1770.0
247,2025-11-15,Turkey,Bulgaria,home,2,0,1.0,0.950948,FIFA World Cup qualification,0,40.0,1.5,1898.0,3,1901.0
248,2025-11-15,Spain,Georgia,away,4,0,1.0,0.968655,FIFA World Cup qualification,0,40.0,1.875,2185.0,2,2187.0
249,2025-11-15,Austria,Cyprus,away,2,0,1.0,0.79552,FIFA World Cup qualification,0,40.0,1.5,1834.0,12,1846.0
250,2025-11-15,Bosnia and Herzegovina,Romania,home,3,1,1.0,0.764961,FIFA World Cup qualification,0,40.0,1.5,1629.0,14,1643.0
251,2025-11-15,Belgium,Kazakhstan,away,1,1,0.5,0.854113,FIFA World Cup qualification,0,40.0,1.0,1903.0,-14,1889.0
252,2025-11-16,Dem. Rep. of Congo,Nigeria,away,1,1,0.5,0.757639,FIFA World Cup qualification,1,40.0,1.0,1707.0,-10,1697.0
253,2025-11-16,France,Azerbaijan,away,3,1,1.0,0.931354,FIFA World Cup qualification,0,40.0,1.5,2052.0,4,2056.0
254,2025-11-16,Portugal,Armenia,home,9,1,1.0,0.955805,FIFA World Cup qualification,0,40.0,2.375,1926.0,4,1930.0
255,2025-11-16,Norway,Italy,away,4,1,1.0,0.867882,FIFA World Cup qualification,0,40.0,1.75,1927.0,9,1936.0
256,2025-11-16,England,Albania,away,2,0,1.0,0.908614,FIFA World Cup qualification,0,40.0,1.5,2016.0,5,2021.0
257,2025-11-17,Qatar,Zimbabwe,home,1,2,0.0,0.521573,Friendly,0,20.0,1.0,1417.0,-10,1407.0
258,2025-11-17,Germany,Slovakia,home,6,0,1.0,0.930614,FIFA World Cup qualification,0,40.0,2.125,1903.0,6,1909.0
259,2025-11-17,Netherlands,Lithuania,home,4,0,1.0,0.956529,FIFA World Cup qualification,0,40.0,1.875,1932.0,3,1935.0
260,2025-11-17,Czech Republic,Gibraltar,home,6,0,1.0,0.863871,FIFA World Cup qualification,0,40.0,2.125,1718.0,12,1730.0
261,2025-11-17,Croatia,Montenegro,away,3,2,1.0,0.883528,FIFA World Cup qualification,0,40.0,1.0,1930.0,5,1935.0
262,2025-11-17,Cape Verde,Egypt,home,1,1,0.5,0.415899,Al Ain International Cup,1,30.0,1.0,1640.0,3,1643.0
262,2025-11-17,Egypt,Cape Verde,away,1,1,0.5,0.584101,Al Ain International Cup,1,30.0,1.0,1699.0,-3,1696.0
263,2025-11-18,Morocco,Uganda,home,4,0,1.0,0.931721,Friendly,0,20.0,1.875,1849.0,3,1852.0
264,2025-11-18,Ivory Coast,Oman,away,2,0,1.0,0.667418,Friendly,0,20.0,1.5,1721.0,10,1731.0
265,2025-11-18,Saudi Arabia,Algeria,home,0,2,0.0,0.392339,Friendly,0,20.0,1.5,1591.0,-12,1579.0
265,2025-11-18,Algeria,Saudi Arabia,away,2,0,1.0,0.607661,Friendly,0,20.0,1.5,1767.0,12,1779.0
266,2025-11-18,Senegal,Kenya,away,8,0,1.0,0.917299,Friendly,1,20.0,2.375,1909.0,4,1913.0
267,2025-11-18,Japan,Bolivia,home,3,0,1.0,0.933886,Kirin Cup,0,30.0,1.75,1903.0,3,1906.0
268,2025-11-18,Jordan,Mali,away,2,3,0.0,0.688774,Friendly,1,20.0,1.0,1624.0,-14,1610.0
269,2025-11-18,Brazil,Tunisia,home,1,1,0.5,0.842259,Friendly,1,20.0,1.0,1978.0,-7,1971.0
269,2025-11-18,Tunisia,Brazil,away,1,1,0.5,0.157741,Friendly,1,20.0,1.0,1687.0,7,1694.0
270,2025-11-18,Canada,Venezuela,home,2,0,1.0,0.83206,Friendly,1,20.0,1.5,1783.0,5,1788.0
271,2025-11-18,Colombia,Australia,home,3,0,1.0,0.774148,Friendly,1,20.0,1.75,2007.0,8,2015.0
271,2025-11-18,Australia,Colombia,away,0,3,0.0,0.225852,Friendly,1,20.0,1.75,1793.0,-8,1785.0
272,2025-11-18,Ecuador,New Zealand,home,2,0,1.0,0.914641,Friendly,1,20.0,1.5,1940.0,3,1943.0
272,2025-11-18,New Zealand,Ecuador,away,0,2,0.0,0.085359,Friendly,1,20.0,1.5,1528.0,-3,1525.0
273,2025-11-18,South Korea,Ghana,home,1,0,1.0,0.859759,Friendly,0,20.0,1.0,1788.0,3,1791.0
273,2025-11-18,Ghana,South Korea,away,0,1,0.0,0.140241,Friendly,0,20.0,1.0,1573.0,-3,1570.0
274,2025-11-18,Mexico,Paraguay,home,1,2,0.0,0.591076,Friendly,1,20.0,1.0,1881.0,-12,1869.0
274,2025-11-18,Paraguay,Mexico,away,2,1,1.0,0.408924,Friendly,1,20.0,1.0,1817.0,12,1829.0
275,2025-11-18,United States,Uruguay,home,5,1,1.0,0.417298,Friendly,0,20.0,1.875,1738.0,22,1760.0
275,2025-11-18,Uruguay,United States,away,1,5,0.0,0.582702,Friendly,0,20.0,1.875,1896.0,-22,1874.0
276,2025-11-18,Iraq,United Arab Emirates,home,2,1,1.0,0.839175,FIFA World Cup qualification,0,40.0,1.0,1673.0,6,1679.0
277,2025-11-18,Switzerland,Kosovo,away,1,1,0.5,0.815352,FIFA World Cup qualification,0,40.0,1.0,1925.0,-13,1912.0
278,2025-11-18,Sweden,Slovenia,home,1,1,0.5,0.750163,FIFA World Cup qualification,0,40.0,1.0,1618.0,-10,1608.0
279,2025-11-18,Scotland,Denmark,home,4,2,1.0,0.888184,FIFA World Cup qualification,0,40.0,1.5,1770.0,7,1777.0
280,2025-11-18,Spain,Turkey,home,2,2,0.5,0.902207,FIFA World Cup qualification,0,40.0,1.0,2187.0,-16,2171.0
280,2025-11-18,Turkey,Spain,away,2,2,0.5,0.097793,FIFA World Cup qualification,0,40.0,1.0,1901.0,16,1917.0
281,2025-11-18,Austria,Bosnia and Herzegovina,home,1,1,0.5,0.851221,FIFA World Cup qualification,0,40.0,1.0,1846.0,-14,1832.0
281,2025-11-18,Bosnia and Herzegovina,Austria,away,1,1,0.5,0.148779,FIFA World Cup qualification,0,40.0,1.0,1643.0,14,1657.0
282,2025-11-18,Belgium,Liechtenstein,home,7,0,1.0,0.950136,FIFA World Cup qualification,0,40.0,2.25,1889.0,4,1893.0
283,2025-11-18,Iran,Uzbekistan,home,0,0,0.5,0.527316,Al Ain International Cup,1,30.0,1.0,1764.0,-1,1763.0
283,2025-11-18,Uzbekistan,Iran,away,0,0,0.5,0.472684,Al Ain International Cup,1,30.0,1.0,1745.0,1,1746.0
284,2025-11-18,Panama,El Salvador,home,3,0,1.0,0.891011,FIFA World Cup qualification,0,40.0,1.75,1744.0,8,1752.0
285,2025-11-18,Curaçao,Jamaica,away,0,0,0.5,0.5,FIFA World Cup qualification,0,40.0,1.0,1569.0,0,1569.0
286,2025-11-18,Haiti,Nicaragua,home,2,0,1.0,0.618584,FIFA World Cup qualification,1,40.0,1.5,1530.0,23,1553.0
287,2025-12-01,Tunisia,Syria,home,0,1,0.0,0.753386,Arab Cup,1,30.0,1.0,1694.0,-23,1671.0
288,2025-12-01,Qatar,Palestine,home,0,1,0.0,0.510072,Arab Cup,0,30.0,1.0,1407.0,-15,1392.0
289,2025-12-02,Morocco,Comoros,home,3,1,1.0,0.889888,Arab Cup,1,30.0,1.5,1852.0,5,1857.0
290,2025-12-02,Saudi Arabia,Oman,home,2,1,1.0,0.625351,Arab Cup,1,30.0,1.0,1579.0,11,1590.0
291,2025-12-02,Egypt,Kuwait,home,1,1,0.5,0.768052,Arab Cup,1,30.0,1.0,1696.0,-8,1688.0
292,2025-12-03,Jordan,United Arab Emirates,home,2,1,1.0,0.678817,Arab Cup,1,30.0,1.0,1610.0,10,1620.0
293,2025-12-03,Algeria,Sudan,home,0,0,0.5,0.839951,Arab Cup,1,30.0,1.0,1779.0,-10,1769.0
294,2025-12-03,Iraq,Bahrain,home,2,1,1.0,0.738109,Arab Cup,1,30.0,1.0,1679.0,8,1687.0
295,2025-12-04,Tunisia,Palestine,away,2,2,0.5,0.71054,Arab Cup,1,30.0,1.0,1671.0,-6,1665.0
296,2025-12-04,Qatar,Syria,home,1,1,0.5,0.455505,Arab Cup,0,30.0,1.0,1392.0,1,1393.0
297,2025-12-05,Morocco,Oman,away,0,0,0.5,0.898068,Arab Cup,1,30.0,1.0,1857.0,-12,1845.0
298,2025-12-05,Saudi Arabia,Comoros,away,3,1,1.0,0.647983,Arab Cup,1,30.0,1.5,1590.0,16,1606.0
299,2025-12-06,Jordan,Kuwait,away,3,1,1.0,0.671241,Arab Cup,1,30.0,1.5,1620.0,15,1635.0
300,2025-12-06,Egypt,United Arab Emirates,away,1,1,0.5,0.778148,Arab Cup,1,30.0,1.0,1688.0,-8,1680.0
301,2025-12-06,Algeria,Bahrain,away,5,1,1.0,0.83206,Arab Cup,1,30.0,1.875,1769.0,9,1778.0
302,2025-12-06,Iraq,Sudan,away,2,0,1.0,0.74473,Arab Cup,1,30.0,1.5,1687.0,11,1698.0
303,2025-12-07,Qatar,Tunisia,home,0,3,0.0,0.27089,Arab Cup,0,30.0,1.75,1393.0,-14,1379.0
303,2025-12-07,Tunisia,Qatar,away,3,0,1.0,0.72911,Arab Cup,0,30.0,1.75,1665.0,14,1679.0
304,2025-12-08,Morocco,Saudi Arabia,home,1,0,1.0,0.798315,Arab Cup,1,30.0,1.0,1845.0,6,1851.0
304,2025-12-08,Saudi Arabia,Morocco,away,0,1,0.0,0.201685,Arab Cup,1,30.0,1.0,1606.0,-6,1600.0
305,2025-12-09,Egypt,Jordan,home,0,3,0.0,0.5644,Arab Cup,1,30.0,1.75,1680.0,-30,1650.0
305,2025-12-09,Jordan,Egypt,away,3,0,1.0,0.4356,Arab Cup,1,30.0,1.75,1635.0,30,1665.0
306,2025-12-09,Algeria,Iraq,home,2,0,1.0,0.613137,Arab Cup,1,30.0,1.5,1778.0,17,1795.0
306,2025-12-09,Iraq,Algeria,away,0,2,0.0,0.386863,Arab Cup,1,30.0,1.5,1698.0,-17,1681.0
307,2025-12-11,Morocco,Syria,home,1,0,1.0,0.869197,Arab Cup,1,30.0,1.0,1851.0,4,1855.0
308,2025-12-11,Saudi Arabia,Palestine,away,2,1,1.0,0.611771,Arab Cup,1,30.0,1.0,1600.0,12,1612.0
309,2025-12-12,Jordan,Iraq,home,1,0,1.0,0.47699,Arab Cup,1,30.0,1.0,1665.0,16,1681.0
309,2025-12-12,Iraq,Jordan,away,0,1,0.0,0.52301,Arab Cup,1,30.0,1.0,1681.0,-16,1665.0
310,2025-12-12,Algeria,United Arab Emirates,home,1,1,0.5,0.861141,Arab Cup,1,30.0,1.0,1795.0,-11,1784.0
311,2025-12-15,Morocco,United Arab Emirates,home,3,0,1.0,0.891569,Arab Cup,1,30.0,1.75,1855.0,6,1861.0
312,2025-12-15,Saudi Arabia,Jordan,home,0,1,0.0,0.401986,Arab Cup,1,30.0,1.0,1612.0,-12,1600.0
312,2025-12-15,Jordan,Saudi Arabia,away,1,0,1.0,0.598014,Arab Cup,1,30.0,1.0,1681.0,12,1693.0
313,2025-12-18,Jordan,Morocco,home,2,3,0.0,0.275462,Arab Cup,1,30.0,1.0,1693.0,-8,1685.0
313,2025-12-18,Morocco,Jordan,away,3,2,1.0,0.724538,Arab Cup,1,30.0,1.0,1861.0,8,1869.0
314,2025-12-21,Morocco,Comoros,home,2,0,1.0,0.947049,African Cup of Nations,0,50.0,1.5,1869.0,4,1873.0
315,2025-12-22,South Africa,Angola,home,2,1,1.0,0.604913,African Cup of Nations,1,50.0,1.0,1572.0,20,1592.0
316,2025-12-22,Egypt,Zimbabwe,home,2,1,1.0,0.688774,African Cup of Nations,1,50.0,1.0,1650.0,16,1666.0
317,2025-12-23,Tunisia,Uganda,home,3,1,1.0,0.745823,African Cup of Nations,1,50.0,1.5,1679.0,19,1698.0
318,2025-12-23,Dem. Rep. of Congo,Benin,home,1,0,1.0,0.758695,African Cup of Nations,1,50.0,1.0,1697.0,12,1709.0
319,2025-12-23,Senegal,Botswana,home,3,0,1.0,0.918168,African Cup of Nations,1,50.0,1.75,1913.0,7,1920.0
320,2025-12-24,Algeria,Sudan,home,3,0,1.0,0.84454,African Cup of Nations,1,50.0,1.75,1784.0,14,1798.0
321,2025-12-24,Ivory Coast,Mozambique,home,1,0,1.0,0.801081,African Cup of Nations,1,50.0,1.0,1731.0,10,1741.0
322,2025-12-26,Morocco,Mali,home,1,1,0.5,0.938359,African Cup of Nations,0,50.0,1.0,1873.0,-22,1851.0
323,2025-12-26,Egypt,South Africa,home,1,0,1.0,0.604913,African Cup of Nations,1,50.0,1.0,1666.0,20,1686.0
323,2025-12-26,South Africa,Egypt,away,0,1,0.0,0.395087,African Cup of Nations,1,50.0,1.0,1592.0,-20,1572.0
324,2025-12-27,Tunisia,Nigeria,away,2,3,0.0,0.736995,African Cup of Nations,1,50.0,1.0,1698.0,-37,1661.0
325,2025-12-27,Senegal,Dem. Rep. of Congo,home,1,1,0.5,0.771114,African Cup of Nations,1,50.0,1.0,1920.0,-14,1906.0
325,2025-12-27,Dem. Rep. of Congo,Senegal,away,1,1,0.5,0.228886,African Cup of Nations,1,50.0,1.0,1709.0,14,1723.0
326,2025-12-28,Algeria,Burkina Faso,home,1,0,1.0,0.843022,African Cup of Nations,1,50.0,1.0,1798.0,8,1806.0
327,2025-12-28,Ivory Coast,Cameroon,home,1,1,0.5,0.816217,African Cup of Nations,1,50.0,1.0,1741.0,-16,1725.0
328,2025-12-29,Morocco,Zambia,home,3,0,1.0,0.93769,African Cup of Nations,0,50.0,1.75,1851.0,5,1856.0
329,2025-12-29,Egypt,Angola,away,0,0,0.5,0.768052,African Cup of Nations,1,50.0,1.0,1686.0,-13,1673.0
330,2025-12-29,South Africa,Zimbabwe,away,3,2,1.0,0.607661,African Cup of Nations,1,50.0,1.0,1572.0,20,1592.0
331,2025-12-30,Tunisia,Tanzania,away,1,1,0.5,0.722235,African Cup of Nations,1,50.0,1.0,1661.0,-11,1650.0
332,2025-12-30,Senegal,Benin,away,3,0,1.0,0.918168,African Cup of Nations,1,50.0,1.75,1906.0,7,1913.0
333,2025-12-30,Dem. Rep. of Congo,Botswana,away,3,0,1.0,0.796455,African Cup of Nations,1,50.0,1.75,1723.0,18,1741.0
334,2025-12-31,Algeria,Equatorial Guinea,away,3,1,1.0,0.86589,African Cup of Nations,1,50.0,1.5,1806.0,10,1816.0
335,2025-12-31,Ivory Coast,Gabon,away,3,2,1.0,0.779141,African Cup of Nations,1,50.0,1.0,1725.0,11,1736.0
336,2026-01-03,Senegal,Sudan,home,3,1,1.0,0.925226,African Cup of Nations,1,50.0,1.5,1913.0,6,1919.0
337,2026-01-03,Tunisia,Mali,away,1,1,0.5,0.676302,African Cup of Nations,1,50.0,1.0,1650.0,-9,1641.0
338,2026-01-04,Morocco,Tanzania,home,1,0,1.0,0.930242,African Cup of Nations,0,50.0,1.0,1856.0,3,1859.0
339,2026-01-04,South Africa,Cameroon,home,1,2,0.0,0.63207,African Cup of Nations,1,50.0,1.0,1592.0,-32,1560.0
340,2026-01-05,Egypt,Benin,home,3,1,1.0,0.753386,African Cup of Nations,1,50.0,1.5,1673.0,18,1691.0
341,2026-01-06,Algeria,Dem. Rep. of Congo,home,1,0,1.0,0.606288,African Cup of Nations,1,50.0,1.0,1816.0,20,1836.0
341,2026-01-06,Dem. Rep. of Congo,Algeria,away,0,1,0.0,0.393712,African Cup of Nations,1,50.0,1.0,1741.0,-20,1721.0
342,2026-01-06,Ivory Coast,Burkina Faso,home,3,0,1.0,0.797386,African Cup of Nations,1,50.0,1.75,1736.0,18,1754.0
343,2026-01-09,Senegal,Mali,away,1,0,1.0,0.903218,African Cup of Nations,1,50.0,1.0,1919.0,5,1924.0
344,2026-01-09,Morocco,Cameroon,home,2,0,1.0,0.921977,African Cup of Nations,0,50.0,1.5,1859.0,6,1865.0
345,2026-01-10,Algeria,Nigeria,home,0,2,0.0,0.833662,African Cup of Nations,1,50.0,1.5,1836.0,-63,1773.0
346,2026-01-10,Egypt,Ivory Coast,home,3,2,1.0,0.410316,African Cup of Nations,1,50.0,1.0,1691.0,29,1720.0
346,2026-01-10,Ivory Coast,Egypt,away,2,3,0.0,0.589684,African Cup of Nations,1,50.0,1.0,1754.0,-29,1725.0
347,2026-01-14,Senegal,Egypt,home,1,0,1.0,0.763925,African Cup of Nations,1,50.0,1.0,1924.0,12,1936.0
347,2026-01-14,Egypt,Senegal,away,0,1,0.0,0.236075,African Cup of Nations,1,50.0,1.0,1720.0,-12,1708.0
348,2026-01-14,Morocco,Nigeria,home,0,0,0.5,0.879927,African Cup of Nations,0,50.0,1.0,1865.0,-19,1846.0
349,2026-01-17,Egypt,Nigeria,home,0,0,0.5,0.599397,African Cup of Nations,1,50.0,1.0,1708.0,-5,1703.0
350,2026-01-18,Morocco,Senegal,home,3,0,1.0,0.514387,African Cup of Nations,0,50.0,1.75,1846.0,42,1888.0
350,2026-01-18,Senegal,Morocco,away,0,3,0.0,0.485613,African Cup of Nations,0,50.0,1.75,1936.0,-42,1894.0
351,2026-01-18,Panama,Bolivia,away,1,1,0.5,0.655821,Friendly,0,20.0,1.0,1752.0,-3,1749.0
352,2026-01-22,Panama,Mexico,home,0,1,0.0,0.471249,Friendly,0,20.0,1.0,1749.0,-9,1740.0
352,2026-01-22,Mexico,Panama,away,1,0,1.0,0.528751,Friendly,0,20.0,1.0,1869.0,9,1878.0
353,2026-01-25,Mexico,Bolivia,away,1,0,1.0,0.794582,Friendly,0,20.0,1.0,1878.0,4,1882.0
354,2026-01-26,Uzbekistan,China,home,2,2,0.5,0.804725,Friendly,1,20.0,1.0,1746.0,-6,1740.0
355,2026-02-25,Mexico,Iceland,home,4,0,1.0,0.935987,Friendly,0,20.0,1.875,1882.0,2,1884.0
356,2026-03-25,Dem. Rep. of Congo,Bermuda,away,2,0,1.0,0.841492,Friendly,1,20.0,1.5,1721.0,5,1726.0
357,2026-03-26,Brazil,France,home,1,2,0.0,0.380059,Friendly,1,20.0,1.0,1971.0,-8,1963.0
357,2026-03-26,France,Brazil,away,2,1,1.0,0.619941,Friendly,1,20.0,1.0,2056.0,8,2064.0
358,2026-03-26,Colombia,Croatia,home,1,2,0.0,0.613137,Friendly,1,20.0,1.0,2015.0,-12,2003.0
358,2026-03-26,Croatia,Colombia,away,2,1,1.0,0.386863,Friendly,1,20.0,1.0,1935.0,12,1947.0
359,2026-03-26,Bosnia and Herzegovina,Wales,away,1,1,0.5,0.604913,FIFA World Cup qualification,0,40.0,1.0,1657.0,-4,1653.0
360,2026-03-26,Sweden,Ukraine,away,3,1,1.0,0.633408,FIFA World Cup qualification,1,40.0,1.5,1608.0,22,1630.0
361,2026-03-26,Turkey,Romania,home,1,0,1.0,0.948755,FIFA World Cup qualification,0,40.0,1.0,1917.0,2,1919.0
362,2026-03-26,Czech Republic,Republic of Ireland,home,2,2,0.5,0.831254,FIFA World Cup qualification,0,40.0,1.0,1730.0,-13,1717.0
363,2026-03-27,Algeria,Guatemala,home,7,0,1.0,0.827178,Friendly,1,20.0,2.25,1773.0,8,1781.0
364,2026-03-27,Argentina,Mauritania,home,2,1,1.0,0.980327,Friendly,0,20.0,1.0,2082.0,0,2082.0
365,2026-03-27,Austria,Ghana,home,5,1,1.0,0.889323,Friendly,0,20.0,1.875,1832.0,4,1836.0
365,2026-03-27,Ghana,Austria,away,1,5,0.0,0.110677,Friendly,0,20.0,1.875,1570.0,-4,1566.0
366,2026-03-27,England,Uruguay,home,1,1,0.5,0.805628,Friendly,0,20.0,1.0,2021.0,-6,2015.0
366,2026-03-27,Uruguay,England,away,1,1,0.5,0.194372,Friendly,0,20.0,1.0,1874.0,6,1880.0
367,2026-03-27,Paraguay,Greece,away,1,0,1.0,0.763925,Friendly,0,20.0,1.0,1829.0,5,1834.0
368,2026-03-27,Morocco,Ecuador,home,1,1,0.5,0.421503,Friendly,1,20.0,1.0,1888.0,2,1890.0
368,2026-03-27,Ecuador,Morocco,away,1,1,0.5,0.578497,Friendly,1,20.0,1.0,1943.0,-2,1941.0
369,2026-03-27,Netherlands,Norway,home,2,1,1.0,0.638738,Friendly,0,20.0,1.0,1935.0,7,1942.0
369,2026-03-27,Norway,Netherlands,away,1,2,0.0,0.361262,Friendly,0,20.0,1.0,1936.0,-7,1929.0
370,2026-03-27,Saudi Arabia,Egypt,home,0,4,0.0,0.495683,Friendly,0,20.0,1.875,1600.0,-19,1581.0
370,2026-03-27,Egypt,Saudi Arabia,away,4,0,1.0,0.504317,Friendly,0,20.0,1.875,1703.0,19,1722.0
371,2026-03-27,South Africa,Panama,home,1,1,0.5,0.386863,Friendly,0,20.0,1.0,1560.0,2,1562.0
371,2026-03-27,Panama,South Africa,away,1,1,0.5,0.613137,Friendly,0,20.0,1.0,1740.0,-2,1738.0
372,2026-03-27,Spain,Serbia,home,3,0,1.0,0.988904,Friendly,0,20.0,1.75,2171.0,0,2171.0
373,2026-03-27,Switzerland,Germany,home,3,4,0.0,0.644034,Friendly,0,20.0,1.0,1912.0,-13,1899.0
373,2026-03-27,Germany,Switzerland,away,4,3,1.0,0.355966,Friendly,0,20.0,1.0,1909.0,13,1922.0
374,2026-03-27,Jordan,Costa Rica,away,2,2,0.5,0.749083,Friendly,1,20.0,1.0,1685.0,-5,1680.0
375,2026-03-27,Iran,Nigeria,home,1,2,0.0,0.666139,Friendly,1,20.0,1.0,1763.0,-13,1750.0
376,2026-03-27,Curaçao,China,away,0,2,0.0,0.589684,FIFA Series,1,30.0,1.5,1569.0,-27,1542.0
377,2026-03-27,Australia,Cameroon,home,1,0,1.0,0.888755,FIFA Series,0,30.0,1.0,1785.0,3,1788.0
378,2026-03-27,Cape Verde,Chile,away,2,4,0.0,0.680071,FIFA Series,1,30.0,1.5,1643.0,-31,1612.0
379,2026-03-27,New Zealand,Finland,home,0,2,0.0,0.677561,FIFA Series,0,30.0,1.5,1525.0,-30,1495.0
380,2026-03-27,Uzbekistan,Gabon,home,3,1,1.0,0.879317,FIFA Series,0,30.0,1.5,1740.0,5,1745.0
381,2026-03-28,Canada,Iceland,home,2,2,0.5,0.895941,Friendly,0,20.0,1.0,1788.0,-8,1780.0
382,2026-03-28,Haiti,Tunisia,home,0,1,0.0,0.375998,Friendly,1,20.0,1.0,1553.0,-8,1545.0
382,2026-03-28,Tunisia,Haiti,away,1,0,1.0,0.624002,Friendly,1,20.0,1.0,1641.0,8,1649.0
383,2026-03-28,Ivory Coast,South Korea,home,4,0,1.0,0.406145,Friendly,1,20.0,1.875,1725.0,22,1747.0
383,2026-03-28,South Korea,Ivory Coast,away,0,4,0.0,0.593855,Friendly,1,20.0,1.875,1791.0,-22,1769.0
384,2026-03-28,Mexico,Portugal,home,0,0,0.5,0.577092,Friendly,0,20.0,1.0,1884.0,-2,1882.0
384,2026-03-28,Portugal,Mexico,away,0,0,0.5,0.422908,Friendly,0,20.0,1.0,1930.0,2,1932.0
385,2026-03-28,Scotland,Japan,home,0,1,0.0,0.458362,Friendly,0,20.0,1.0,1777.0,-9,1768.0
385,2026-03-28,Japan,Scotland,away,1,0,1.0,0.541638,Friendly,0,20.0,1.0,1906.0,9,1915.0
386,2026-03-28,Senegal,Peru,home,2,0,1.0,0.905213,Friendly,1,20.0,1.5,1894.0,3,1897.0
387,2026-03-28,United States,Belgium,home,2,5,0.0,0.452651,Friendly,0,20.0,1.75,1760.0,-16,1744.0
387,2026-03-28,Belgium,United States,away,5,2,1.0,0.547349,Friendly,0,20.0,1.75,1893.0,16,1909.0
388,2026-03-29,Colombia,France,home,1,3,0.0,0.413105,Friendly,1,20.0,1.5,2003.0,-12,1991.0
388,2026-03-29,France,Colombia,away,3,1,1.0,0.586895,Friendly,1,20.0,1.5,2064.0,12,2076.0
389,2026-03-30,Germany,Ghana,home,2,1,1.0,0.93245,Friendly,0,20.0,1.0,1922.0,1,1923.0
389,2026-03-30,Ghana,Germany,away,1,2,0.0,0.06755,Friendly,0,20.0,1.0,1566.0,-1,1565.0
390,2026-03-30,Cape Verde,Finland,home,1,1,0.5,0.621297,FIFA Series,1,30.0,1.0,1612.0,-4,1608.0
391,2026-03-30,New Zealand,Chile,home,4,1,1.0,0.57428,FIFA Series,0,30.0,1.75,1495.0,22,1517.0
392,2026-03-30,Uzbekistan,Venezuela,home,0,0,0.5,0.879317,FIFA Series,0,30.0,1.0,1745.0,-11,1734.0
393,2026-03-31,Algeria,Uruguay,home,0,0,0.5,0.361262,Friendly,1,20.0,1.0,1781.0,3,1784.0
393,2026-03-31,Uruguay,Algeria,away,0,0,0.5,0.638738,Friendly,1,20.0,1.0,1880.0,-3,1877.0
394,2026-03-31,Argentina,Zambia,home,5,0,1.0,0.983206,Friendly,0,20.0,2.0,2082.0,1,2083.0
395,2026-03-31,Austria,South Korea,home,1,0,1.0,0.723388,Friendly,0,20.0,1.0,1836.0,6,1842.0
395,2026-03-31,South Korea,Austria,away,0,1,0.0,0.276612,Friendly,0,20.0,1.0,1769.0,-6,1763.0
396,2026-03-31,Brazil,Croatia,home,3,1,1.0,0.52301,Friendly,1,20.0,1.5,1963.0,14,1977.0
396,2026-03-31,Croatia,Brazil,away,1,3,0.0,0.47699,Friendly,1,20.0,1.5,1947.0,-14,1933.0
397,2026-03-31,Canada,Tunisia,home,0,0,0.5,0.790798,Friendly,0,20.0,1.0,1780.0,-6,1774.0
397,2026-03-31,Tunisia,Canada,away,0,0,0.5,0.209202,Friendly,0,20.0,1.0,1649.0,6,1655.0
398,2026-03-31,Iran,Costa Rica,away,5,0,1.0,0.808318,Friendly,1,20.0,2.0,1750.0,8,1758.0
399,2026-03-31,England,Japan,home,0,1,0.0,0.759747,Friendly,0,20.0,1.0,2015.0,-15,2000.0
399,2026-03-31,Japan,England,away,1,0,1.0,0.240253,Friendly,0,20.0,1.0,1915.0,15,1930.0
400,2026-03-31,Haiti,Iceland,home,1,1,0.5,0.533051,Friendly,1,20.0,1.0,1545.0,-1,1544.0
401,2026-03-31,Ivory Coast,Scotland,home,1,0,1.0,0.469815,Friendly,1,20.0,1.0,1747.0,11,1758.0
401,2026-03-31,Scotland,Ivory Coast,away,0,1,0.0,0.530185,Friendly,1,20.0,1.0,1768.0,-11,1757.0
402,2026-03-31,Jordan,Nigeria,home,2,2,0.5,0.534484,Friendly,1,20.0,1.0,1680.0,-1,1679.0
403,2026-03-31,Mexico,Belgium,home,1,1,0.5,0.461222,Friendly,1,20.0,1.0,1882.0,1,1883.0
403,2026-03-31,Belgium,Mexico,away,1,1,0.5,0.538778,Friendly,1,20.0,1.0,1909.0,-1,1908.0
404,2026-03-31,Morocco,Paraguay,home,2,1,1.0,0.5799,Friendly,1,20.0,1.0,1890.0,8,1898.0
404,2026-03-31,Paraguay,Morocco,away,1,2,0.0,0.4201,Friendly,1,20.0,1.0,1834.0,-8,1826.0
405,2026-03-31,Netherlands,Ecuador,home,1,1,0.5,0.64139,Friendly,0,20.0,1.0,1942.0,-3,1939.0
405,2026-03-31,Ecuador,Netherlands,away,1,1,0.5,0.35861,Friendly,0,20.0,1.0,1941.0,3,1944.0
406,2026-03-31,Norway,Switzerland,home,0,0,0.5,0.678817,Friendly,0,20.0,1.0,1929.0,-4,1925.0
406,2026-03-31,Switzerland,Norway,away,0,0,0.5,0.321183,Friendly,0,20.0,1.0,1899.0,4,1903.0
407,2026-03-31,Senegal,Gambia,home,3,1,1.0,0.945883,Friendly,0,20.0,1.5,1897.0,2,1899.0
408,2026-03-31,Saudi Arabia,Serbia,away,1,2,0.0,0.485613,Friendly,0,20.0,1.0,1581.0,-10,1571.0
409,2026-03-31,South Africa,Panama,home,1,2,0.0,0.392339,Friendly,0,20.0,1.0,1562.0,-8,1554.0
409,2026-03-31,Panama,South Africa,away,2,1,1.0,0.607661,Friendly,0,20.0,1.0,1738.0,8,1746.0
410,2026-03-31,Spain,Egypt,home,0,0,0.5,0.959313,Friendly,0,20.0,1.0,2171.0,-9,2162.0
410,2026-03-31,Egypt,Spain,away,0,0,0.5,0.040687,Friendly,0,20.0,1.0,1722.0,9,1731.0
411,2026-03-31,United States,Portugal,home,0,2,0.0,0.375998,Friendly,0,20.0,1.5,1744.0,-11,1733.0
411,2026-03-31,Portugal,United States,away,2,0,1.0,0.624002,Friendly,0,20.0,1.5,1932.0,11,1943.0
412,2026-03-31,Dem. Rep. of Congo,Jamaica,home,1,0,1.0,0.814484,FIFA World Cup qualification,1,40.0,1.0,1726.0,7,1733.0
413,2026-03-31,Iraq,Bolivia,home,2,1,1.0,0.673776,FIFA World Cup qualification,1,40.0,1.0,1665.0,13,1678.0
414,2026-03-31,Bosnia and Herzegovina,Italy,home,1,1,0.5,0.818793,FIFA World Cup qualification,0,40.0,1.0,1653.0,-13,1640.0
415,2026-03-31,Sweden,Poland,home,3,2,1.0,0.749083,FIFA World Cup qualification,0,40.0,1.0,1630.0,10,1640.0
416,2026-03-31,Turkey,Kosovo,away,1,0,1.0,0.798315,FIFA World Cup qualification,0,40.0,1.0,1919.0,8,1927.0
417,2026-03-31,Czech Republic,Denmark,home,2,2,0.5,0.859063,FIFA World Cup qualification,0,40.0,1.0,1717.0,-14,1703.0
418,2026-03-31,Australia,Curaçao,home,5,1,1.0,0.879927,FIFA Series,0,30.0,1.875,1788.0,7,1795.0
418,2026-03-31,Curaçao,Australia,away,1,5,0.0,0.120073,FIFA Series,0,30.0,1.875,1542.0,-7,1535.0
419,2026-05-22,Mexico,Ghana,home,2,0,1.0,0.917299,Friendly,0,20.0,1.5,1883.0,2,1885.0
419,2026-05-22,Ghana,Mexico,away,0,2,0.0,0.082701,Friendly,0,20.0,1.5,1565.0,-2,1563.0
420,2026-05-26,Morocco,Burundi,home,5,0,1.0,0.947909,Friendly,0,20.0,2.0,1898.0,2,1900.0
421,2026-05-28,Qatar,Republic of Ireland,away,0,1,0.0,0.160825,Friendly,0,20.0,1.0,1379.0,-3,1376.0
422,2026-05-28,Egypt,Russia,home,1,0,1.0,0.846793,Friendly,0,20.0,1.0,1731.0,3,1734.0
423,2026-05-29,Iraq,Andorra,away,1,0,1.0,0.738109,Friendly,1,20.0,1.0,1678.0,5,1683.0
424,2026-05-29,Bosnia and Herzegovina,North Macedonia,home,0,0,0.5,0.789844,Friendly,0,20.0,1.0,1640.0,-6,1634.0
425,2026-05-29,Iran,Gambia,home,3,1,1.0,0.817079,Friendly,1,20.0,1.5,1758.0,5,1763.0
426,2026-05-29,South Africa,Nicaragua,home,0,0,0.5,0.790798,Friendly,0,20.0,1.0,1554.0,-6,1548.0
427,2026-05-30,Ecuador,Saudi Arabia,home,2,1,1.0,0.895403,Friendly,1,20.0,1.0,1944.0,2,1946.0
427,2026-05-30,Saudi Arabia,Ecuador,away,1,2,0.0,0.104597,Friendly,1,20.0,1.0,1571.0,-2,1569.0
428,2026-05-30,South Korea,Trinidad and Tobago,home,5,0,1.0,0.823862,Friendly,1,20.0,2.0,1763.0,7,1770.0
429,2026-05-30,Mexico,Australia,home,1,0,1.0,0.626699,Friendly,1,20.0,1.0,1885.0,7,1892.0
429,2026-05-30,Australia,Mexico,away,0,1,0.0,0.373301,Friendly,1,20.0,1.0,1795.0,-7,1788.0
430,2026-05-30,Scotland,Curaçao,home,4,1,1.0,0.864547,Friendly,0,20.0,1.75,1757.0,5,1762.0
430,2026-05-30,Curaçao,Scotland,away,1,4,0.0,0.135453,Friendly,0,20.0,1.75,1535.0,-5,1530.0
431,2026-05-31,Brazil,Panama,home,6,2,1.0,0.8705,Friendly,0,20.0,1.875,1977.0,5,1982.0
431,2026-05-31,Panama,Brazil,away,2,6,0.0,0.1295,Friendly,0,20.0,1.875,1746.0,-5,1741.0
432,2026-05-31,Cape Verde,Serbia,home,3,0,1.0,0.649295,Friendly,1,20.0,1.75,1608.0,12,1620.0
433,2026-05-31,Czech Republic,Kosovo,home,2,1,1.0,0.790798,Friendly,0,20.0,1.0,1703.0,4,1707.0
434,2026-05-31,Germany,Finland,home,4,0,1.0,0.944692,Friendly,0,20.0,1.875,1923.0,2,1925.0
435,2026-05-31,Switzerland,Jordan,home,4,1,1.0,0.86589,Friendly,0,20.0,1.75,1903.0,5,1908.0
435,2026-05-31,Jordan,Switzerland,away,1,4,0.0,0.13411,Friendly,0,20.0,1.75,1679.0,-5,1674.0
436,2026-05-31,United States,Senegal,home,3,2,1.0,0.406145,Friendly,0,20.0,1.0,1733.0,12,1745.0
436,2026-05-31,Senegal,United States,away,2,3,0.0,0.593855,Friendly,0,20.0,1.0,1899.0,-12,1887.0
437,2026-05-31,Japan,Iceland,home,1,0,1.0,0.948755,Friendly,0,20.0,1.0,1930.0,1,1931.0
438,2026-06-01,Austria,Tunisia,home,1,0,1.0,0.839175,Friendly,0,20.0,1.0,1842.0,3,1845.0
438,2026-06-01,Tunisia,Austria,away,0,1,0.0,0.160825,Friendly,0,20.0,1.0,1655.0,-3,1652.0
439,2026-06-01,Canada,Uzbekistan,home,2,0,1.0,0.691236,Friendly,0,20.0,1.5,1774.0,9,1783.0
439,2026-06-01,Uzbekistan,Canada,away,0,2,0.0,0.308764,Friendly,0,20.0,1.5,1734.0,-9,1725.0
440,2026-06-01,Colombia,Costa Rica,home,3,1,1.0,0.969175,Friendly,0,20.0,1.5,1991.0,1,1992.0
441,2026-06-01,Norway,Sweden,home,3,1,1.0,0.901698,Friendly,0,20.0,1.5,1925.0,3,1928.0
441,2026-06-01,Sweden,Norway,away,1,3,0.0,0.098302,Friendly,0,20.0,1.5,1640.0,-3,1637.0
442,2026-06-01,Turkey,North Macedonia,home,4,0,1.0,0.949863,Friendly,0,20.0,1.875,1927.0,2,1929.0
443,2026-06-02,Croatia,Belgium,home,0,2,0.0,0.67251,Friendly,0,20.0,1.5,1933.0,-20,1913.0
443,2026-06-02,Belgium,Croatia,away,2,0,1.0,0.32749,Friendly,0,20.0,1.5,1908.0,20,1928.0
444,2026-06-02,Haiti,New Zealand,home,4,0,1.0,0.538778,Friendly,1,20.0,1.875,1544.0,17,1561.0
444,2026-06-02,New Zealand,Haiti,away,0,4,0.0,0.461222,Friendly,1,20.0,1.875,1517.0,-17,1500.0
445,2026-06-02,Morocco,Madagascar,home,4,0,1.0,0.94676,Friendly,0,20.0,1.875,1900.0,2,1902.0
446,2026-06-02,Ghana,Wales,away,1,1,0.5,0.465516,Friendly,0,20.0,1.0,1563.0,1,1564.0
447,2026-06-03,Dem. Rep. of Congo,Denmark,home,0,0,0.5,0.776155,Friendly,1,20.0,1.0,1733.0,-6,1727.0
448,2026-06-03,South Korea,El Salvador,home,1,0,1.0,0.848281,Friendly,1,20.0,1.0,1770.0,3,1773.0
449,2026-06-03,Netherlands,Algeria,home,0,1,0.0,0.812738,Friendly,0,20.0,1.0,1939.0,-16,1923.0
449,2026-06-03,Algeria,Netherlands,away,1,0,1.0,0.187262,Friendly,0,20.0,1.0,1784.0,16,1800.0
450,2026-06-03,Panama,Dominican Republic,home,4,2,1.0,0.883528,Friendly,0,20.0,1.5,1741.0,3,1744.0
451,2026-06-04,France,Ivory Coast,home,1,2,0.0,0.917299,Friendly,0,20.0,1.0,2076.0,-18,2058.0
451,2026-06-04,Ivory Coast,France,away,2,1,1.0,0.082701,Friendly,0,20.0,1.0,1758.0,18,1776.0
452,2026-06-04,Czech Republic,Guatemala,away,5,1,1.0,0.774148,Friendly,1,20.0,1.875,1707.0,8,1715.0
453,2026-06-04,Iran,Mali,home,2,0,1.0,0.796455,Friendly,1,20.0,1.5,1763.0,6,1769.0
454,2026-06-04,Mexico,Serbia,home,5,1,1.0,0.947624,Friendly,0,20.0,1.875,1892.0,2,1894.0
455,2026-06-04,Spain,Iraq,home,1,1,0.5,0.965543,Friendly,0,20.0,1.0,2162.0,-9,2153.0
455,2026-06-04,Iraq,Spain,away,1,1,0.5,0.034457,Friendly,0,20.0,1.0,1683.0,9,1692.0
456,2026-06-04,Sweden,Greece,home,2,2,0.5,0.777153,Friendly,0,20.0,1.0,1637.0,-6,1631.0
457,2026-06-05,Canada,Republic of Ireland,home,1,1,0.5,0.859063,Friendly,0,20.0,1.0,1783.0,-7,1776.0
458,2026-06-05,Haiti,Peru,home,1,2,0.0,0.58829,Friendly,1,20.0,1.0,1561.0,-12,1549.0
459,2026-06-05,Paraguay,Nicaragua,home,4,0,1.0,0.945883,Friendly,0,20.0,1.875,1826.0,2,1828.0
460,2026-06-05,Saudi Arabia,Puerto Rico,away,3,0,1.0,0.599397,Friendly,1,20.0,1.75,1569.0,14,1583.0
461,2026-06-06,Argentina,Honduras,home,2,0,1.0,0.957943,Friendly,1,20.0,1.5,2083.0,1,2084.0
462,2026-06-06,Australia,Switzerland,home,1,1,0.5,0.333861,Friendly,1,20.0,1.0,1788.0,3,1791.0
462,2026-06-06,Switzerland,Australia,away,1,1,0.5,0.666139,Friendly,1,20.0,1.0,1908.0,-3,1905.0
463,2026-06-06,Belgium,Tunisia,home,5,0,1.0,0.89701,Friendly,0,20.0,2.0,1928.0,4,1932.0
463,2026-06-06,Tunisia,Belgium,away,0,5,0.0,0.10299,Friendly,0,20.0,2.0,1652.0,-4,1648.0
464,2026-06-06,Cape Verde,Bermuda,away,0,3,0.0,0.753386,Friendly,1,20.0,1.75,1620.0,-26,1594.0
465,2026-06-06,Scotland,Bolivia,away,4,0,1.0,0.79552,Friendly,1,20.0,1.875,1762.0,8,1770.0
466,2026-06-06,Brazil,Egypt,home,2,1,1.0,0.806528,Friendly,1,20.0,1.0,1982.0,4,1986.0
466,2026-06-06,Egypt,Brazil,away,1,2,0.0,0.193472,Friendly,1,20.0,1.0,1734.0,-4,1730.0
467,2026-06-06,Curaçao,Aruba,home,4,0,1.0,0.678817,Friendly,0,20.0,1.875,1530.0,12,1542.0
468,2026-06-06,England,New Zealand,home,1,0,1.0,0.94676,Friendly,1,20.0,1.0,2000.0,1,2001.0
468,2026-06-06,New Zealand,England,away,0,1,0.0,0.05324,Friendly,1,20.0,1.0,1500.0,-1,1499.0
469,2026-06-06,South Africa,Jamaica,away,1,0,1.0,0.621297,Friendly,1,20.0,1.0,1548.0,8,1556.0
470,2026-06-06,Panama,Bosnia and Herzegovina,home,1,1,0.5,0.653217,Friendly,1,20.0,1.0,1744.0,-3,1741.0
470,2026-06-06,Bosnia and Herzegovina,Panama,away,1,1,0.5,0.346783,Friendly,1,20.0,1.0,1634.0,3,1637.0
471,2026-06-06,Portugal,Chile,home,2,1,1.0,0.952794,Friendly,0,20.0,1.0,1943.0,1,1944.0
472,2026-06-06,Qatar,El Salvador,home,0,0,0.5,0.370611,Friendly,1,20.0,1.0,1376.0,3,1379.0
473,2026-06-06,United States,Germany,home,1,2,0.0,0.386863,Friendly,0,20.0,1.0,1745.0,-8,1737.0
473,2026-06-06,Germany,United States,away,2,1,1.0,0.613137,Friendly,0,20.0,1.0,1925.0,8,1933.0
474,2026-06-06,Turkey,Venezuela,away,2,1,1.0,0.917299,Friendly,1,20.0,1.0,1929.0,2,1931.0
475,2026-06-07,Croatia,Slovenia,home,2,1,1.0,0.93935,Friendly,0,20.0,1.0,1913.0,1,1914.0
476,2026-06-07,Ecuador,Guatemala,home,3,0,1.0,0.93424,Friendly,1,20.0,1.75,1946.0,2,1948.0
477,2026-06-07,Jordan,Colombia,home,0,2,0.0,0.138172,Friendly,1,20.0,1.5,1674.0,-4,1670.0
477,2026-06-07,Colombia,Jordan,away,2,0,1.0,0.861828,Friendly,1,20.0,1.5,1992.0,4,1996.0
478,2026-06-07,Morocco,Norway,home,1,1,0.5,0.462653,Friendly,1,20.0,1.0,1902.0,1,1903.0
478,2026-06-07,Norway,Morocco,away,1,1,0.5,0.537347,Friendly,1,20.0,1.0,1928.0,-1,1927.0
479,2026-06-08,France,Northern Ireland,home,3,1,1.0,0.979068,Friendly,0,20.0,1.5,2058.0,1,2059.0
480,2026-06-08,Netherlands,Uzbekistan,home,2,1,1.0,0.757639,Friendly,1,20.0,1.0,1923.0,5,1928.0
480,2026-06-08,Uzbekistan,Netherlands,away,1,2,0.0,0.242361,Friendly,1,20.0,1.0,1725.0,-5,1720.0
481,2026-06-08,Spain,Peru,away,3,1,1.0,0.97577,Friendly,1,20.0,1.5,2153.0,1,2154.0
